{
  "hover": true,
  "showLabels": false,
  "entrate": [
    {
      "procapite": 134.71934916449462,
      "series": [
        [
          2003,
          907922393
        ],
        [
          2004,
          783890269
        ],
        [
          2005,
          3000000
        ],
        [
          2006,
          649189302
        ],
        [
          2007,
          586228017
        ],
        [
          2008,
          743944007
        ],
        [
          2009,
          260897634
        ],
        [
          2010,
          216577044
        ],
        [
          2011,
          388190000
        ],
        [
          2012,
          579431221
        ],
        [
          2013,
          350452118
        ]
      ],
      "variation": -9.9,
      "label": "Prestiti",
      "value": 355503076.78793377,
      "total": false
    },
    {
      "procapite": 201.58306502362524,
      "series": [
        [
          2003,
          2000611837
        ],
        [
          2004,
          1340498625
        ],
        [
          2005,
          3940008
        ],
        [
          2006,
          1357432930
        ],
        [
          2007,
          3170688109
        ],
        [
          2008,
          2349994924
        ],
        [
          2009,
          1820110890
        ],
        [
          2010,
          1889865840
        ],
        [
          2011,
          1437391066
        ],
        [
          2012,
          2383947938
        ],
        [
          2013,
          524388015
        ]
      ],
      "variation": -56.96,
      "label": "Vendite e trasferimenti di capitali",
      "value": 531945858.4730744,
      "total": false
    },
    {
      "procapite": 511.88108043235053,
      "series": [
        [
          2003,
          884311992
        ],
        [
          2004,
          885881468
        ],
        [
          2005,
          506237
        ],
        [
          2006,
          488829213
        ],
        [
          2007,
          1018495210
        ],
        [
          2008,
          1064470390
        ],
        [
          2009,
          1778662425
        ],
        [
          2010,
          1832522962
        ],
        [
          2011,
          1598227713
        ],
        [
          2012,
          887837852
        ],
        [
          2013,
          1331581617
        ]
      ],
      "variation": 63.18,
      "label": "Contributi pubblici",
      "value": 1350773294.0502644,
      "total": false
    },
    {
      "procapite": 2658.4504952132393,
      "series": [
        [
          2003,
          6477938196
        ],
        [
          2004,
          5248137503
        ],
        [
          2005,
          12586653
        ],
        [
          2006,
          5301026381
        ],
        [
          2007,
          7464503212
        ],
        [
          2008,
          6454896810
        ],
        [
          2009,
          5976091671
        ],
        [
          2010,
          5934976297
        ],
        [
          2011,
          6512236970
        ],
        [
          2012,
          8604959269
        ],
        [
          2013,
          6915558993
        ]
      ],
      "variation": -0.02,
      "label": "Totale",
      "value": 7015230821.689498,
      "total": true
    },
    {
      "procapite": 180.99800022535055,
      "series": [
        [
          2003,
          330785484
        ],
        [
          2004,
          62750107
        ],
        [
          2005,
          962600
        ],
        [
          2006,
          304982504
        ],
        [
          2007,
          278137350
        ],
        [
          2008,
          34172845
        ],
        [
          2009,
          451570317
        ],
        [
          2010,
          303165326
        ],
        [
          2011,
          289884643
        ],
        [
          2012,
          465924494
        ],
        [
          2013,
          470839066
        ]
      ],
      "variation": 9.27,
      "label": "Entrate per conto terzi",
      "value": 477625124.9106647,
      "total": false
    },
    {
      "procapite": 1019.07371943194,
      "series": [
        [
          2003,
          1656983077
        ],
        [
          2004,
          1647255539
        ],
        [
          2005,
          3391836
        ],
        [
          2006,
          1704101963
        ],
        [
          2007,
          1386876180
        ],
        [
          2008,
          1357683961
        ],
        [
          2009,
          895603482
        ],
        [
          2010,
          1009975674
        ],
        [
          2011,
          2009876617
        ],
        [
          2012,
          3419810181
        ],
        [
          2013,
          2650966959
        ]
      ],
      "variation": -6.8,
      "label": "Imposte e tasse",
      "value": 2689174531.9332104,
      "total": false
    },
    {
      "procapite": 610.1952809354823,
      "series": [
        [
          2003,
          697323413
        ],
        [
          2004,
          527861495
        ],
        [
          2005,
          785972
        ],
        [
          2006,
          796490469
        ],
        [
          2007,
          1024078346
        ],
        [
          2008,
          904630683
        ],
        [
          2009,
          769246923
        ],
        [
          2010,
          682869451
        ],
        [
          2011,
          788666931
        ],
        [
          2012,
          868007583
        ],
        [
          2013,
          1587331218
        ]
      ],
      "variation": 30.27,
      "label": "Entrate extratributarie",
      "value": 1610208935.53435,
      "total": false
    }
  ],
  "year": 2013,
  "spese": [
    {
      "procapite": 328.36092973087807,
      "series": [
        [
          2003,
          777364764
        ],
        [
          2004,
          708683477
        ],
        [
          2005,
          519420
        ],
        [
          2006,
          569677576
        ],
        [
          2007,
          710209834
        ],
        [
          2008,
          623132058
        ],
        [
          2009,
          764448032
        ],
        [
          2010,
          831970020
        ],
        [
          2011,
          818593932
        ],
        [
          2012,
          906843827
        ],
        [
          2013,
          854181556
        ]
      ],
      "variation": -4.13,
      "label": "Viabilità e trasporti",
      "value": 866492612.5328902,
      "total": false
    },
    {
      "procapite": 11.74420486026666,
      "series": [
        [
          2003,
          43537466
        ],
        [
          2004,
          35683624
        ],
        [
          2005,
          121750
        ],
        [
          2006,
          38489330
        ],
        [
          2007,
          38753406
        ],
        [
          2008,
          37613377
        ],
        [
          2009,
          32723729
        ],
        [
          2010,
          36685989
        ],
        [
          2011,
          35743657
        ],
        [
          2012,
          31051869
        ],
        [
          2013,
          30550782
        ]
      ],
      "variation": -14.98,
      "label": "Sviluppo economico",
      "value": 30991101.041875925,
      "total": false
    },
    {
      "procapite": 0.34403296582377796,